{
  "properties": {
    "connectionReferences": {
      "shared_office365": {
        "runtimeSource": "embedded",
        "connection": {
          "connectionReferenceLogicalName": "new_sharedoffice365_5edf2"
        },
        "api": {
          "name": "shared_office365"
        }
      },
      "shared_commondataserviceforapps": {
        "runtimeSource": "embedded",
        "connection": {
          "connectionReferenceLogicalName": "new_sharedcommondataserviceforapps_c9e86"
        },
        "api": {
          "name": "shared_commondataserviceforapps"
        }
      }
    },
    "definition": {
      "$schema": "https://schema.management.azure.com/providers/Microsoft.Logic/schemas/2016-06-01/workflowdefinition.json#",
      "contentVersion": "1.0.0.0",
      "parameters": {
        "$connections": {
          "defaultValue": {},
          "type": "Object"
        },
        "$authentication": {
          "defaultValue": {},
          "type": "SecureObject"
        }
      },
      "triggers": {
        "When_a_row_is_added,_modified_or_deleted": {
          "metadata": {
            "operationMetadataId": "c724c18c-1bd5-4eb6-8a9b-9a5c8b4582d9"
          },
          "type": "OpenApiConnectionWebhook",
          "inputs": {
            "host": {
              "connectionName": "shared_commondataserviceforapps",
              "operationId": "SubscribeWebhookTrigger",
              "apiId": "/providers/Microsoft.PowerApps/apis/shared_commondataserviceforapps"
            },
            "parameters": {
              "subscriptionRequest/message": 3,
              "subscriptionRequest/entityname": "ag_approvalrequest1",
              "subscriptionRequest/scope": 4
            },
            "authentication": "@parameters('$authentication')"
          }
        }
      },
      "actions": {
        "Send_an_email_(V2)": {
          "runAfter": {},
          "metadata": {
            "operationMetadataId": "015757d9-cf24-42d5-9ae2-96588ded7f76"
          },
          "type": "OpenApiConnection",
          "inputs": {
            "host": {
              "connectionName": "shared_office365",
              "operationId": "SendEmailV2",
              "apiId": "/providers/Microsoft.PowerApps/apis/shared_office365"
            },
            "parameters": {
              "emailMessage/To": "admin@apnesh.onmicrosoft.com",
              "emailMessage/Subject": "Approval Status Updated",
              "emailMessage/Body": "<p>The approval status has been changed to: @{triggerOutputs()?['body/ag_currentstatus']}</p>",
              "emailMessage/Importance": "Normal"
            },
            "authentication": "@parameters('$authentication')"
          }
        }
      },
      "outputs": {}
    },
    "templateName": ""
  },
  "schemaVersion": "1.0.0.0"
}